Workbook

Sheet Main
A1: ID | B1: Name | C1: Aliance | D1: total_cost | E1: natur_compens_ids
A2: 2114715836 | B2: Big All | C2: -GFC- | D2: =Summary!E2 | E2: []
A3: 2121404991 | B3: Veles Diosivich | C3: -GFC- | D3: =Summary!E3 | E3: []
A4: 2121682491 | B4: Gizikk | C4: 2LATE | D4: =Summary!E4 | E4: []
A5: 93043689 | B5: Solty Moby | C5: 2LATE | D5: =Summary!E5 | E5: []
A6: 2113619028 | B6: Airin Distracted | C6: RED | D6: =Summary!E6 | E6: []
A7: 2119317296 | B7: Artemiss Fowll | C7: RED | D7: =Summary!E7 | E7: ['17636']
A8: 1306079948 | B8: Berfert | C8: RED | D8: =Summary!E8 | E8: []
A9: 2121494563 | B9: BongoCat Spanking | C9: RED | D9: =Summary!E9 | E9: []
A10: 2122943927 | B10: CineLog | C10: RED | D10: =Summary!E10 | E10: []
A11: 2116096518 | B11: DokTop- X | C11: RED | D11: =Summary!E11 | E11: ['33820']
A12: 2118020839 | B12: FX-8320E | C12: RED | D12: =Summary!E12 | E12: []
A13: 2114336555 | B13: Helm Makenen | C13: RED | D13: =Summary!E13 | E13: ['17736']
... A37: 2117812488 | B37: guinplenn | C37: RUS | D37: =Summary!E37 | E37: ['33820']

Sheet Links for check
A1: Name | B1: Aliance | C1: Link Type | D1: Cost | E1: ktime | F1: Link
A2: Big All | B2: -GFC- | C2: tackle_links | D2: 33501573 | E2: 2025-06-10T17:42:24Z | F2: https://zkillboard.com/kill/127792227/
A3: Veles Diosivich | B3: -GFC- | C3: dps_links | D3: 1.3847872e+08 | E3: 2025-06-23T19:03:31Z | F3: https://zkillboard.com/kill/128093604/
A4: Veles Diosivich | B4: -GFC- | C4: dps_links | D4: 1.3876186e+08 | E4: 2025-06-23T18:13:59Z | F4: https://zkillboard.com/kill/128092502/
A5: Gizikk | B5: 2LATE | C5: support_links | D5: 2.8631605e+08 | E5: 2025-06-24T17:19:33Z | F5: https://zkillboard.com/kill/128112033/
A6: Gizikk | B6: 2LATE | C6: support_links | D6: 2.8775579e+08 | E6: 2025-06-23T19:05:15Z | F6: https://zkillboard.com/kill/128093651/
A7: Gizikk | B7: 2LATE | C7: LightShip_links | D7: 48445105 | E7: 2025-06-03T20:14:12Z | F7: https://zkillboard.com/kill/127612162/
A8: Solty Moby | B8: 2LATE | C8: dps_links | D8: 1.3849842e+08 | E8: 2025-06-20T19:12:30Z | F8: https://zkillboard.com/kill/128015216/
A9: Airin Distracted | B9: RED | C9: support_links | D9: 3.3784758e+08 | E9: 2025-06-20T19:08:34Z | F9: https://zkillboard.com/kill/128015128/
A10: Artemiss Fowll | B10: RED | C10: valuble_links | D10: -1.3920562e+08 | E10: 2025-06-25T20:54:27Z | F10: https://zkillboard.com/kill/128137661/
A11: Berfert | B11: RED | C11: support_links | D11: 3.8632614e+08 | E11: 2025-06-20T19:13:28Z | F11: https://zkillboard.com/kill/128015243/
A12: Berfert | B12: RED | C12: tackle_links | D12: 75566336 | E12: 2025-06-23T18:18:01Z | F12: https://zkillboard.com/kill/128092606/
A13: BongoCat Spanking | B13: RED | C13: support_links | D13: 2.6547461e+08 | E13: 2025-06-23T18:59:38Z | F13: https://zkillboard.com/kill/128093490/
... A71: guinplenn | B71: RUS | C71: valuble_links | D71: -1.5123728e+08 | E71: 2025-06-25T20:50:06Z | F71: https://zkillboard.com/kill/128137559/

Sheet Summary
A1: Name | B1: Aliance | C1: Formation ships sum | D1: Small ships sum | E1: Total sum
A2: Big All | B2: -GFC- | C2: =SUMIFS('Links for check'!D:D, 'Links for check'!A:A, A2, 'Links for check'!C:C, "<>LightShip_links") | D2: =SUMIFS('Links for check'!D:D, 'Links for check'!A:A, A2, 'Links for check'!C:C, "LightShip_links") | E2: =C2+D2
A3: Veles Diosivich | B3: -GFC- | C3: =SUMIFS('Links for check'!D:D, 'Links for check'!A:A, A3, 'Links for check'!C:C, "<>LightShip_links") | D3: =SUMIFS('Links for check'!D:D, 'Links for check'!A:A, A3, 'Links for check'!C:C, "LightShip_links") | E3: =C3+D3
A4: Gizikk | B4: 2LATE | C4: =SUMIFS('Links for check'!D:D, 'Links for check'!A:A, A4, 'Links for check'!C:C, "<>LightShip_links") | D4: =SUMIFS('Links for check'!D:D, 'Links for check'!A:A, A4, 'Links for check'!C:C, "LightShip_links") | E4: =C4+D4
A5: Solty Moby | B5: 2LATE | C5: =SUMIFS('Links for check'!D:D, 'Links for check'!A:A, A5, 'Links for check'!C:C, "<>LightShip_links") | D5: =SUMIFS('Links for check'!D:D, 'Links for check'!A:A, A5, 'Links for check'!C:C, "LightShip_links") | E5: =C5+D5
A6: Airin Distracted | B6: RED | C6: =SUMIFS('Links for check'!D:D, 'Links for check'!A:A, A6, 'Links for check'!C:C, "<>LightShip_links") | D6: =SUMIFS('Links for check'!D:D, 'Links for check'!A:A, A6, 'Links for check'!C:C, "LightShip_links") | E6: =C6+D6
A7: Artemiss Fowll | B7: RED | C7: =SUMIFS('Links for check'!D:D, 'Links for check'!A:A, A7, 'Links for check'!C:C, "<>LightShip_links") | D7: =SUMIFS('Links for check'!D:D, 'Links for check'!A:A, A7, 'Links for check'!C:C, "LightShip_links") | E7: =C7+D7
A8: Berfert | B8: RED | C8: =SUMIFS('Links for check'!D:D, 'Links for check'!A:A, A8, 'Links for check'!C:C, "<>LightShip_links") | D8: =SUMIFS('Links for check'!D:D, 'Links for check'!A:A, A8, 'Links for check'!C:C, "LightShip_links") | E8: =C8+D8
A9: BongoCat Spanking | B9: RED | C9: =SUMIFS('Links for check'!D:D, 'Links for check'!A:A, A9, 'Links for check'!C:C, "<>LightShip_links") | D9: =SUMIFS('Links for check'!D:D, 'Links for check'!A:A, A9, 'Links for check'!C:C, "LightShip_links") | E9: =C9+D9
A10: CineLog | B10: RED | C10: =SUMIFS('Links for check'!D:D, 'Links for check'!A:A, A10, 'Links for check'!C:C, "<>LightShip_links") | D10: =SUMIFS('Links for check'!D:D, 'Links for check'!A:A, A10, 'Links for check'!C:C, "LightShip_links") | E10: =C10+D10
A11: DokTop- X | B11: RED | C11: =SUMIFS('Links for check'!D:D, 'Links for check'!A:A, A11, 'Links for check'!C:C, "<>LightShip_links") | D11: =SUMIFS('Links for check'!D:D, 'Links for check'!A:A, A11, 'Links for check'!C:C, "LightShip_links") | E11: =C11+D11
A12: FX-8320E | B12: RED | C12: =SUMIFS('Links for check'!D:D, 'Links for check'!A:A, A12, 'Links for check'!C:C, "<>LightShip_links") | D12: =SUMIFS('Links for check'!D:D, 'Links for check'!A:A, A12, 'Links for check'!C:C, "LightShip_links") | E12: =C12+D12
A13: Helm Makenen | B13: RED | C13: =SUMIFS('Links for check'!D:D, 'Links for check'!A:A, A13, 'Links for check'!C:C, "<>LightShip_links") | D13: =SUMIFS('Links for check'!D:D, 'Links for check'!A:A, A13, 'Links for check'!C:C, "LightShip_links") | E13: =C13+D13
... A37: guinplenn | B37: RUS | C37: =SUMIFS('Links for check'!D:D, 'Links for check'!A:A, A37, 'Links for check'!C:C, "<>LightShip_links") | D37: =SUMIFS('Links for check'!D:D, 'Links for check'!A:A, A37, 'Links for check'!C:C, "LightShip_links") | E37: =C37+D37
B38: TOTAL | C38: =SUM(C2:C37) | D38: =SUM(D2:D37) | E38: =SUM(E2:E37)
